{"stats":{"minecraft:used":{"minecraft:dirt":1},"minecraft:picked_up":{"minecraft:dirt":1},"minecraft:mined":{"minecraft:grass_block":1},"minecraft:custom":{"minecraft:jump":59,"minecraft:time_since_rest":7212,"minecraft:leave_game":1,"minecraft:crouch_one_cm":109,"minecraft:sprint_one_cm":8267,"minecraft:play_time":7212,"minecraft:time_since_death":7212,"minecraft:walk_one_cm":2049,"minecraft:sneak_time":789,"minecraft:total_world_time":7212,"minecraft:fall_one_cm":1846,"minecraft:fly_one_cm":116979}},"DataVersion":3953}