{
  "minecraft:recipes/decorations/crafting_table": {
    "criteria": {
      "unlock_right_away": "2024-09-28 07:46:00 +0000"
    },
    "done": true
  },
  "minecraft:adventure/adventuring_time": {
    "criteria": {
      "minecraft:deep_cold_ocean": "2024-09-28 07:49:08 +0000",
      "minecraft:cold_ocean": "2024-09-28 07:49:04 +0000",
      "minecraft:frozen_ocean": "2024-09-28 07:48:53 +0000",
      "minecraft:snowy_plains": "2024-09-28 07:46:01 +0000",
      "minecraft:snowy_taiga": "2024-09-28 07:46:47 +0000",
      "minecraft:plains": "2024-09-28 07:46:13 +0000"
    },
    "done": false
  },
  "DataVersion": 3953
}